"Interval start","Filtered packets"
0,0
1,881752
2,1.35085e+06
3,1.38242e+06
4,1.42014e+06
5,1.48125e+06
6,1.43124e+06
7,1.50162e+06
8,1.45888e+06
9,1.49411e+06
10,1.58552e+06
11,1.3937e+06
12,217616
