"Interval start","Filtered packets"
0,523992
1,1.40947e+06
2,1.48662e+06
3,908720
4,1.05612e+06
5,1.0932e+06
6,1.12566e+06
7,1.48886e+06
8,1.36579e+06
9,1.27983e+06
10,984688
11,1.19154e+06
12,1.32108e+06
13,1.39645e+06
14,1.27017e+06
15,1.26902e+06
16,339368
