"Interval start","Filtered packets"
0,0
1,0
2,0
3,0
4,0
5,546528
6,1.47005e+06
7,1.41862e+06
8,1.46107e+06
9,1.5559e+06
10,1.5183e+06
11,1.5501e+06
12,1.4523e+06
13,1.52692e+06
14,1.54902e+06
15,1.38114e+06
16,252528
