"Interval start","Filtered packets"
0,0
1,0
2,0
3,0
4,0
5,0
6,0
7,0
8,0
9,0
10,0
11,0
12,1.44645e+06
13,1.90206e+06
14,1.51358e+06
15,1.58353e+06
16,2.1447e+06
17,3.26704e+06
18,2.02185e+06
19,1.23866e+06
20,2.19608e+06
21,3.1259e+06
22,793384
