"Interval start","Filtered packets"
0,0
1,0
2,0
3,2.89701e+06
4,1.72471e+06
5,1.34498e+06
6,2.18247e+06
7,3.08356e+06
8,2.36094e+06
9,1.27187e+06
10,1.92194e+06
11,3.18828e+06
12,1.16236e+06
13,95096
