"Interval start","Filtered packets"
0,0
1,913184
2,1.36776e+06
3,1.43786e+06
4,1.28882e+06
5,1.45803e+06
6,1.45383e+06
7,1.52411e+06
8,1.47159e+06
9,1.43968e+06
10,1.55732e+06
11,1.46118e+06
12,328032
