"Interval start","Filtered packets"
0,0
1,723560
2,1.4635e+06
3,1.23748e+06
4,1.35702e+06
5,1.5557e+06
6,1.53234e+06
7,1.53998e+06
8,1.29153e+06
9,1.45489e+06
10,1.5782e+06
11,496064
