"Interval start","Filtered packets"
0,0
1,973232
2,1.38481e+06
3,1.42098e+06
4,1.47844e+06
5,1.4849e+06
6,1.48852e+06
7,1.51586e+06
8,1.45568e+06
9,1.5274e+06
10,1.59154e+06
11,1.30678e+06
12,284096
