"Interval start","Filtered packets"
0,3.32752e+06
1,1.52392e+06
2,1.56161e+06
3,2.14756e+06
4,3.26658e+06
5,2.0355e+06
6,1.24358e+06
7,2.15403e+06
8,3.15141e+06
9,821528
