"Interval start","Filtered packets"
0,0
1,1.05442e+06
2,1.44015e+06
3,1.12428e+06
4,1.44956e+06
5,1.60247e+06
6,1.55789e+06
7,1.40426e+06
8,1.50163e+06
9,1.4609e+06
10,1.51243e+06
11,510512
