"Interval start","Filtered packets"
0,0
1,969528
2,1.41378e+06
3,1.36462e+06
4,1.47266e+06
5,1.44916e+06
6,1.37146e+06
7,1.43339e+06
8,1.48847e+06
9,1.56107e+06
10,1.57946e+06
11,1.44047e+06
12,269328
