"Interval start","Filtered packets"
0,0
1,1.00898e+06
2,1.46172e+06
3,1.30391e+06
4,1.47241e+06
5,1.58745e+06
6,1.56631e+06
7,1.51686e+06
8,1.42499e+06
9,1.46242e+06
10,1.53979e+06
11,413568
