"Interval start","Filtered packets"
0,0
1,0
2,0
3,0
4,0
5,0
6,0
7,0
8,0
9,0
10,0
11,0
12,0
13,0
14,0
15,0
16,0
17,1.10409e+06
18,1.41768e+06
19,1.35577e+06
20,1.51249e+06
21,1.53286e+06
22,1.50781e+06
23,1.45108e+06
24,1.48762e+06
25,1.4165e+06
26,1.56661e+06
27,1.28774e+06
28,188664
