"Interval start","Filtered packets"
0,0
1,0
2,0
3,0
4,0
5,0
6,0
7,0
8,0
9,0
10,0
11,0
12,0
13,0
14,0
15,0
16,0
17,0
18,0
19,3.07423e+06
20,1.62184e+06
21,1.46007e+06
22,2.15771e+06
23,3.136e+06
24,2.25146e+06
25,1.23998e+06
26,2.02927e+06
27,3.13881e+06
28,1.08397e+06
29,39880
